{"cameraMode":{"drawMode":0,"name":"Shaded","section":"Shading Mode"},"sceneLighting":true,"audioPlay":false,"sceneViewState":{"m_AlwaysRefresh":false,"showFog":true,"showSkybox":true,"showFlares":true,"showImageEffects":true,"showParticleSystems":true,"showVisualEffectGraphs":true,"m_FxEnabled":true},"in2DMode":false,"pivot":{"x":0.5975455045700073,"y":3.336866855621338,"z":-0.06696413457393646},"rotation":{"x":-0.0030441032722592355,"y":0.9664782285690308,"z":-0.2575151026248932,"w":-0.009746300987899304},"size":10.974395751953125,"orthographic":false}