{"cameraMode":{"drawMode":0,"name":"Shaded","section":"Shading Mode"},"sceneLighting":false,"audioPlay":false,"sceneViewState":{"m_AlwaysRefresh":false,"showFog":true,"showSkybox":false,"showFlares":true,"showImageEffects":true,"showParticleSystems":true,"showVisualEffectGraphs":true,"m_FxEnabled":true},"in2DMode":false,"pivot":{"x":1.5813907384872437,"y":2.142782688140869,"z":-1.1800662279129029},"rotation":{"x":0.004128140863031149,"y":0.9956899881362915,"z":-0.05922315642237663,"w":0.07211747765541077},"size":3.3806192874908449,"orthographic":false}